{
 "baseline": {
  "n": 49,
  "full": 0.0931852512239481,
  "h1": 0.03076096006373233,
  "h2": 0.16979688128421294
 },
 "variants": {
  "F-pos": {
   "n": 38,
   "full": 0.15628840277591047,
   "h1": 0.026011924244617513,
   "h2": 0.3354185607564383
  },
  "F-base": {
   "n": 0,
   "full": 0,
   "h1": null,
   "h2": null
  },
  "F8-pos": {
   "n": 40,
   "full": 0.07298327183482048,
   "h1": 0.0013266186216169078,
   "h2": 0.18046825165462585
  },
  "F8-base": {
   "n": 0,
   "full": 0,
   "h1": null,
   "h2": null
  },
  "F-z": {
   "n": 20,
   "full": 0.7791010267054129,
   "h1": 0.6896936804963,
   "h2": 0.9132120460190822
  },
  "C1-neg": {
   "n": 0,
   "full": 0,
   "h1": null,
   "h2": null
  },
  "F-neg": {
   "n": 11,
   "full": -0.12480745413737639,
   "h1": 0.051656717667837526,
   "h2": -0.2718609306417213
  },
  "DL-share": {
   "n": 38,
   "full": 0.2047924771844054,
   "h1": 0.2377146996695019,
   "h2": 0.15952442126739777
  },
  "DL-act": {
   "n": 25,
   "full": 0.44705620946155816,
   "h1": 0.7110178592071171,
   "h2": 0.16109775557053604
  },
  "DL+F": {
   "n": 29,
   "full": 0.3415856027305241,
   "h1": 0.29243763555234437,
   "h2": 0.4112118895662787
  }
 }
}